{"cameraMode":{"drawMode":0,"name":"Shaded","section":"Shading Mode"},"sceneLighting":false,"audioPlay":false,"sceneViewState":{"m_AlwaysRefresh":false,"showFog":true,"showSkybox":false,"showFlares":true,"showImageEffects":true,"showParticleSystems":true,"showVisualEffectGraphs":true,"m_FxEnabled":true},"in2DMode":false,"pivot":{"x":0.2347850799560547,"y":3.064237594604492,"z":-3.27109956741333},"rotation":{"x":-0.13734862208366395,"y":-0.055245015770196918,"z":0.007677029352635145,"w":-0.9889572858810425},"size":1.5597727298736573,"orthographic":true}